"filename", "language", "HTML", "JavaScript", "CSS", "SCSS", "JSON", "Less", "XML", "comment", "blank", "total"
"e:\VScode_project\期末大作业\css\index.css", "CSS", 0, 0, 225, 0, 0, 0, 0, 4, 35, 264
"e:\VScode_project\期末大作业\css\message.css", "CSS", 0, 0, 225, 0, 0, 0, 0, 4, 34, 263
"e:\VScode_project\期末大作业\css\mypage.css", "CSS", 0, 0, 208, 0, 0, 0, 0, 3, 5, 216
"e:\VScode_project\期末大作业\css\post.css", "CSS", 0, 0, 186, 0, 0, 0, 0, 0, 2, 188
"e:\VScode_project\期末大作业\css\postdetail.css", "CSS", 0, 0, 111, 0, 0, 0, 0, 0, 0, 111
"e:\VScode_project\期末大作业\css\postlist.css", "CSS", 0, 0, 102, 0, 0, 0, 0, 0, 3, 105
"e:\VScode_project\期末大作业\css\profile.css", "CSS", 0, 0, 247, 0, 0, 0, 0, 0, 39, 286
"e:\VScode_project\期末大作业\css\search.css", "CSS", 0, 0, 81, 0, 0, 0, 0, 2, 2, 85
"e:\VScode_project\期末大作业\framework\font-awesome\css\font-awesome.css", "CSS", 0, 0, 2327, 0, 0, 0, 0, 10, 1, 2338
"e:\VScode_project\期末大作业\framework\font-awesome\css\font-awesome.min.css", "CSS", 0, 0, 1, 0, 0, 0, 0, 3, 1, 5
"e:\VScode_project\期末大作业\framework\font-awesome\fonts\fontawesome-webfont.svg", "XML", 0, 0, 0, 0, 0, 0, 2671, 0, 1, 2672
"e:\VScode_project\期末大作业\framework\font-awesome\less\animated.less", "Less", 0, 0, 0, 0, 0, 28, 0, 2, 5, 35
"e:\VScode_project\期末大作业\framework\font-awesome\less\bordered-pulled.less", "Less", 0, 0, 0, 0, 0, 17, 0, 3, 6, 26
"e:\VScode_project\期末大作业\framework\font-awesome\less\core.less", "Less", 0, 0, 0, 0, 0, 8, 0, 2, 3, 13
"e:\VScode_project\期末大作业\framework\font-awesome\less\fixed-width.less", "Less", 0, 0, 0, 0, 0, 4, 0, 2, 1, 7
"e:\VScode_project\期末大作业\framework\font-awesome\less\font-awesome.less", "Less", 0, 0, 0, 0, 0, 13, 0, 4, 2, 19
"e:\VScode_project\期末大作业\framework\font-awesome\less\icons.less", "Less", 0, 0, 0, 0, 0, 786, 0, 2, 2, 790
"e:\VScode_project\期末大作业\framework\font-awesome\less\larger.less", "Less", 0, 0, 0, 0, 0, 9, 0, 3, 2, 14
"e:\VScode_project\期末大作业\framework\font-awesome\less\list.less", "Less", 0, 0, 0, 0, 0, 16, 0, 2, 2, 20
"e:\VScode_project\期末大作业\framework\font-awesome\less\mixins.less", "Less", 0, 0, 0, 0, 0, 41, 0, 10, 10, 61
"e:\VScode_project\期末大作业\framework\font-awesome\less\path.less", "Less", 0, 0, 0, 0, 0, 11, 0, 3, 2, 16
"e:\VScode_project\期末大作业\framework\font-awesome\less\rotated-flipped.less", "Less", 0, 0, 0, 0, 0, 12, 0, 4, 5, 21
"e:\VScode_project\期末大作业\framework\font-awesome\less\screen-reader.less", "Less", 0, 0, 0, 0, 0, 2, 0, 2, 2, 6
"e:\VScode_project\期末大作业\framework\font-awesome\less\stacked.less", "Less", 0, 0, 0, 0, 0, 17, 0, 2, 2, 21
"e:\VScode_project\期末大作业\framework\font-awesome\less\variables.less", "Less", 0, 0, 0, 0, 0, 794, 0, 3, 4, 801
"e:\VScode_project\期末大作业\framework\font-awesome\scss\_animated.scss", "SCSS", 0, 0, 0, 28, 0, 0, 0, 2, 5, 35
"e:\VScode_project\期末大作业\framework\font-awesome\scss\_bordered-pulled.scss", "SCSS", 0, 0, 0, 17, 0, 0, 0, 3, 6, 26
"e:\VScode_project\期末大作业\framework\font-awesome\scss\_core.scss", "SCSS", 0, 0, 0, 8, 0, 0, 0, 2, 3, 13
"e:\VScode_project\期末大作业\framework\font-awesome\scss\_fixed-width.scss", "SCSS", 0, 0, 0, 4, 0, 0, 0, 2, 1, 7
"e:\VScode_project\期末大作业\framework\font-awesome\scss\_icons.scss", "SCSS", 0, 0, 0, 786, 0, 0, 0, 2, 2, 790
"e:\VScode_project\期末大作业\framework\font-awesome\scss\_larger.scss", "SCSS", 0, 0, 0, 9, 0, 0, 0, 3, 2, 14
"e:\VScode_project\期末大作业\framework\font-awesome\scss\_list.scss", "SCSS", 0, 0, 0, 16, 0, 0, 0, 2, 2, 20
"e:\VScode_project\期末大作业\framework\font-awesome\scss\_mixins.scss", "SCSS", 0, 0, 0, 41, 0, 0, 0, 10, 10, 61
"e:\VScode_project\期末大作业\framework\font-awesome\scss\_path.scss", "SCSS", 0, 0, 0, 11, 0, 0, 0, 3, 2, 16
"e:\VScode_project\期末大作业\framework\font-awesome\scss\_rotated-flipped.scss", "SCSS", 0, 0, 0, 12, 0, 0, 0, 4, 5, 21
"e:\VScode_project\期末大作业\framework\font-awesome\scss\_screen-reader.scss", "SCSS", 0, 0, 0, 2, 0, 0, 0, 2, 2, 6
"e:\VScode_project\期末大作业\framework\font-awesome\scss\_stacked.scss", "SCSS", 0, 0, 0, 17, 0, 0, 0, 2, 2, 21
"e:\VScode_project\期末大作业\framework\font-awesome\scss\_variables.scss", "SCSS", 0, 0, 0, 794, 0, 0, 0, 3, 4, 801
"e:\VScode_project\期末大作业\framework\font-awesome\scss\font-awesome.scss", "SCSS", 0, 0, 0, 13, 0, 0, 0, 4, 2, 19
"e:\VScode_project\期末大作业\framework\icon\font_7ydjpyu6ls\demo.css", "CSS", 0, 0, 435, 0, 0, 0, 0, 19, 86, 540
"e:\VScode_project\期末大作业\framework\icon\font_7ydjpyu6ls\demo_index.html", "HTML", 288, 0, 0, 0, 0, 0, 0, 2, 33, 323
"e:\VScode_project\期末大作业\framework\icon\font_7ydjpyu6ls\iconfont.css", "CSS", 0, 0, 29, 0, 0, 0, 0, 0, 9, 38
"e:\VScode_project\期末大作业\framework\icon\font_7ydjpyu6ls\iconfont.js", "JavaScript", 0, 1, 0, 0, 0, 0, 0, 0, 0, 1
"e:\VScode_project\期末大作业\framework\icon\font_7ydjpyu6ls\iconfont.json", "JSON", 0, 0, 0, 0, 51, 0, 0, 0, 1, 52
"e:\VScode_project\期末大作业\framework\icon\font_c1sd7urtjr\demo.css", "CSS", 0, 0, 435, 0, 0, 0, 0, 19, 86, 540
"e:\VScode_project\期末大作业\framework\icon\font_c1sd7urtjr\demo_index.html", "HTML", 188, 0, 0, 0, 0, 0, 0, 2, 18, 208
"e:\VScode_project\期末大作业\framework\icon\font_c1sd7urtjr\iconfont.css", "CSS", 0, 0, 14, 0, 0, 0, 0, 0, 4, 18
"e:\VScode_project\期末大作业\framework\icon\font_c1sd7urtjr\iconfont.js", "JavaScript", 0, 1, 0, 0, 0, 0, 0, 0, 0, 1
"e:\VScode_project\期末大作业\framework\icon\font_c1sd7urtjr\iconfont.json", "JSON", 0, 0, 0, 0, 16, 0, 0, 0, 1, 17
"e:\VScode_project\期末大作业\framework\icon\font_c74foekh3c4\demo.css", "CSS", 0, 0, 435, 0, 0, 0, 0, 19, 86, 540
"e:\VScode_project\期末大作业\framework\icon\font_c74foekh3c4\demo_index.html", "HTML", 268, 0, 0, 0, 0, 0, 0, 2, 30, 300
"e:\VScode_project\期末大作业\framework\icon\font_c74foekh3c4\iconfont.css", "CSS", 0, 0, 26, 0, 0, 0, 0, 0, 8, 34
"e:\VScode_project\期末大作业\framework\icon\font_c74foekh3c4\iconfont.js", "JavaScript", 0, 1, 0, 0, 0, 0, 0, 0, 0, 1
"e:\VScode_project\期末大作业\framework\icon\font_c74foekh3c4\iconfont.json", "JSON", 0, 0, 0, 0, 44, 0, 0, 0, 1, 45
"e:\VScode_project\期末大作业\framework\icon\font_nndnppu1rwn\demo.css", "CSS", 0, 0, 435, 0, 0, 0, 0, 19, 86, 540
"e:\VScode_project\期末大作业\framework\icon\font_nndnppu1rwn\demo_index.html", "HTML", 188, 0, 0, 0, 0, 0, 0, 2, 18, 208
"e:\VScode_project\期末大作业\framework\icon\font_nndnppu1rwn\iconfont.css", "CSS", 0, 0, 14, 0, 0, 0, 0, 0, 4, 18
"e:\VScode_project\期末大作业\framework\icon\font_nndnppu1rwn\iconfont.js", "JavaScript", 0, 1, 0, 0, 0, 0, 0, 0, 0, 1
"e:\VScode_project\期末大作业\framework\icon\font_nndnppu1rwn\iconfont.json", "JSON", 0, 0, 0, 0, 16, 0, 0, 0, 1, 17
"e:\VScode_project\期末大作业\framework\icon\font_qymff5xnxid\demo.css", "CSS", 0, 0, 435, 0, 0, 0, 0, 19, 86, 540
"e:\VScode_project\期末大作业\framework\icon\font_qymff5xnxid\demo_index.html", "HTML", 188, 0, 0, 0, 0, 0, 0, 2, 18, 208
"e:\VScode_project\期末大作业\framework\icon\font_qymff5xnxid\iconfont.css", "CSS", 0, 0, 14, 0, 0, 0, 0, 0, 4, 18
"e:\VScode_project\期末大作业\framework\icon\font_qymff5xnxid\iconfont.js", "JavaScript", 0, 1, 0, 0, 0, 0, 0, 0, 0, 1
"e:\VScode_project\期末大作业\framework\icon\font_qymff5xnxid\iconfont.json", "JSON", 0, 0, 0, 0, 16, 0, 0, 0, 1, 17
"e:\VScode_project\期末大作业\framework\icon\font_sls4q6q11r\demo.css", "CSS", 0, 0, 435, 0, 0, 0, 0, 19, 86, 540
"e:\VScode_project\期末大作业\framework\icon\font_sls4q6q11r\demo_index.html", "HTML", 188, 0, 0, 0, 0, 0, 0, 2, 18, 208
"e:\VScode_project\期末大作业\framework\icon\font_sls4q6q11r\iconfont.css", "CSS", 0, 0, 14, 0, 0, 0, 0, 0, 4, 18
"e:\VScode_project\期末大作业\framework\icon\font_sls4q6q11r\iconfont.js", "JavaScript", 0, 1, 0, 0, 0, 0, 0, 0, 0, 1
"e:\VScode_project\期末大作业\framework\icon\font_sls4q6q11r\iconfont.json", "JSON", 0, 0, 0, 0, 16, 0, 0, 0, 1, 17
"e:\VScode_project\期末大作业\framework\icon\font_sz0eiqafwwd\demo.css", "CSS", 0, 0, 435, 0, 0, 0, 0, 19, 86, 540
"e:\VScode_project\期末大作业\framework\icon\font_sz0eiqafwwd\demo_index.html", "HTML", 248, 0, 0, 0, 0, 0, 0, 2, 27, 277
"e:\VScode_project\期末大作业\framework\icon\font_sz0eiqafwwd\iconfont.css", "CSS", 0, 0, 23, 0, 0, 0, 0, 0, 7, 30
"e:\VScode_project\期末大作业\framework\icon\font_sz0eiqafwwd\iconfont.js", "JavaScript", 0, 1, 0, 0, 0, 0, 0, 0, 0, 1
"e:\VScode_project\期末大作业\framework\icon\font_sz0eiqafwwd\iconfont.json", "JSON", 0, 0, 0, 0, 37, 0, 0, 0, 1, 38
"e:\VScode_project\期末大作业\framework\icon\font_tpc0c0te95m\demo.css", "CSS", 0, 0, 435, 0, 0, 0, 0, 19, 86, 540
"e:\VScode_project\期末大作业\framework\icon\font_tpc0c0te95m\demo_index.html", "HTML", 188, 0, 0, 0, 0, 0, 0, 2, 18, 208
"e:\VScode_project\期末大作业\framework\icon\font_tpc0c0te95m\iconfont.css", "CSS", 0, 0, 14, 0, 0, 0, 0, 0, 4, 18
"e:\VScode_project\期末大作业\framework\icon\font_tpc0c0te95m\iconfont.js", "JavaScript", 0, 1, 0, 0, 0, 0, 0, 0, 0, 1
"e:\VScode_project\期末大作业\framework\icon\font_tpc0c0te95m\iconfont.json", "JSON", 0, 0, 0, 0, 16, 0, 0, 0, 1, 17
"e:\VScode_project\期末大作业\framework\reset.css", "CSS", 0, 0, 94, 0, 0, 0, 0, 1, 16, 111
"e:\VScode_project\期末大作业\index.html", "HTML", 212, 0, 0, 0, 0, 0, 0, 0, 1, 213
"e:\VScode_project\期末大作业\js\index.js", "JavaScript", 0, 53, 0, 0, 0, 0, 0, 10, 10, 73
"e:\VScode_project\期末大作业\js\post.js", "JavaScript", 0, 7, 0, 0, 0, 0, 0, 0, 2, 9
"e:\VScode_project\期末大作业\message.html", "HTML", 174, 0, 0, 0, 0, 0, 0, 0, 1, 175
"e:\VScode_project\期末大作业\mypage.html", "HTML", 133, 0, 0, 0, 0, 0, 0, 0, 8, 141
"e:\VScode_project\期末大作业\post.html", "HTML", 159, 0, 0, 0, 0, 0, 0, 0, 11, 170
"e:\VScode_project\期末大作业\postdetail.html", "HTML", 112, 0, 0, 0, 0, 0, 0, 0, 1, 113
"e:\VScode_project\期末大作业\postlist.html", "HTML", 120, 0, 0, 0, 0, 0, 0, 0, 2, 122
"e:\VScode_project\期末大作业\profile.html", "HTML", 52, 0, 0, 0, 0, 0, 0, 0, 3, 55
"e:\VScode_project\期末大作业\search.html", "HTML", 64, 0, 0, 0, 0, 0, 0, 0, 1, 65
"Total", "-", 2770, 68, 7435, 1758, 212, 1758, 2671, 293, 1195, 18160